1,Intex Eco 105e  (Black),1_165,20 MB RAM | 20 KB ROM | | 1.8 inch Display | 0.3MP Rear Camera | 800 mAh Battery | ,https://rukminim1.flixcart.com/image/832/832/mobile/y/6/u/intex-eco-105e-105e-original-imaed9gkjydwmxx2.jpeg?q=70
2,Mymax M40 Combo of Four Mobiles  (Black&Green$$Blue&Black$$Blue&Black$$Black&Green),1_998,32 MB RAM | 32 MB ROM | | 1.8 inch Display | 1.3MP Rear Camera | 1000 mAh Battery | ,https://rukminim1.flixcart.com/image/832/832/ji0lbbk0/mobile/e/4/q/mymax-m40-combo-of-four-mobiles-m40-combo-of-four-mobiles-original-imaf5wucqbwgtn44.jpeg?q=70
3,Mymax M40 Combo of Four Mobiles  (Black&Red$$Green&Black$$Black&Green$$Blue&Black),1_998,32 MB RAM | 32 MB ROM | | 1.8 inch Display | 1.3MP Rear Camera | 1000 mAh Battery | ,https://rukminim1.flixcart.com/image/832/832/ji0lbbk0/mobile/q/x/p/mymax-m40-combo-of-four-mobiles-m40-combo-of-four-mobiles-original-imaf5wuchdtyxhhe.jpeg?q=70
4,Mymax M40 Combo of Four Mobiles  (Black&Red$$Black&Red$$Black&Green$$Black&Green),1_998,32 MB RAM | 32 MB ROM | | 1.8 inch Display | 1.3MP Rear Camera | 1000 mAh Battery | ,https://rukminim1.flixcart.com/image/832/832/ji0lbbk0/mobile/t/w/b/mymax-m40-combo-of-four-mobiles-m40-combo-of-four-mobiles-original-imaf5wuc5j4cdtcx.jpeg?q=70
5,Mymax M40 Combo of Four Mobiles  (Blue&Black$$Green&Black$$Green&Black$$Blue&Black),1_998,32 MB RAM | 32 MB ROM | | 1.8 inch Display | 1.3MP Rear Camera | 1000 mAh Battery | ,https://rukminim1.flixcart.com/image/832/832/ji0lbbk0/mobile/u/4/3/mymax-m40-combo-of-four-mobiles-m40-combo-of-four-mobiles-original-imaf5wucuyzuhwpg.jpeg?q=70
6,Mymax M40 Combo of Four Mobiles  (Green&Black$$Blue&Black$$Green&Black$$Green&Black),1_998,32 MB RAM | 32 MB ROM | | 1.8 inch Display | 1.3MP Rear Camera | 1000 mAh Battery | ,https://rukminim1.flixcart.com/image/832/832/ji0lbbk0/mobile/y/z/z/mymax-m40-combo-of-four-mobiles-m40-combo-of-four-mobiles-original-imaf5wucjg2nx4tz.jpeg?q=70
7,Mymax M40 Combo of Four Mobiles  (Green&Black$$Black&Red$$Green&Black$$Green&Black),1_998,32 MB RAM | 32 MB ROM | | 1.8 inch Display | 1.3MP Rear Camera | 1000 mAh Battery | ,https://rukminim1.flixcart.com/image/832/832/ji0lbbk0/mobile/x/f/g/mymax-m40-combo-of-four-mobiles-m40-combo-of-four-mobiles-original-imaf5wucebnzeksg.jpeg?q=70
8,Mymax M40 Combo of Four Mobiles  (Black&Green$$Green&Black$$Green&Black$$Black&Green),1_998,32 MB RAM | 32 MB ROM | | 1.8 inch Display | 1.3MP Rear Camera | 1000 mAh Battery | ,https://rukminim1.flixcart.com/image/832/832/ji0lbbk0/mobile/y/8/j/mymax-m40-combo-of-four-mobiles-m40-combo-of-four-mobiles-original-imaf5wuchdm7gmca.jpeg?q=70
9,1+1=2 D10  (Blue),679,32 MB RAM | 32 MB ROM | Expandable Upto 16 GB | 1.8 inch QVGA Display | 0.3MP Rear Camera | 1200 mAh Battery | ,https://rukminim1.flixcart.com/image/832/832/jkcwakw0/mobile/p/u/r/1-1-2-d10-d10-original-imaf7qcvysnunycy.jpeg?q=70
10,Comio S1 Lite (Sunrise Gold_ 32 GB)  (2 GB RAM),7_499,2 GB RAM | 32 GB ROM | Expandable Upto 128 GB | 5 inch HD Display | 13MP Rear Camera | 8MP Front Camera | 3050 mAh Battery | ,https://rukminim1.flixcart.com/image/832/832/jdyuefk0/mobile/e/h/t/comio-s1-lite-s1-lite-original-imaf2r9ehkkvsfqy.jpeg?q=70
11,Comio S1 Lite (Royal Black_ 32 GB)  (2 GB RAM),6_999,2 GB RAM | 32 GB ROM | Expandable Upto 128 GB | 5 inch HD Display | 13MP Rear Camera | 8MP Front Camera | 3050 mAh Battery | ,https://rukminim1.flixcart.com/image/832/832/jdyuefk0/mobile/e/b/u/comio-s1-lite-s1-lite-original-imaf2r9frhyswv5h.jpeg?q=70
12,Mymax M7250  (Black & Gold),524,32 MB RAM | 32 MB ROM | | 1.8 inch Display | 1.3MP Rear Camera | 1000 mAh Battery | ,https://rukminim1.flixcart.com/image/832/832/jh80ia80/mobile/x/y/h/mymax-m7250-m7250-original-imaf5a9j2p6sngf9.jpeg?q=70
13,Haier CG550  (BLACK+BLUE),2_475,8 MB RAM | 16 MB ROM | | 2.4 inch QVGA Display | 0.3MP Rear Camera | 1500 mAh Battery | ,https://rukminim1.flixcart.com/image/832/832/mobile/t/a/d/haier-haier-cg-550-haier-cg-550-original-imaecjzdu6yfhnzu.jpeg?q=70
14,Mymax M7250  (Black & Orange),524,32 MB RAM | 32 MB ROM | | 1.8 inch Display | 1.3MP Rear Camera | 1000 mAh Battery | ,https://rukminim1.flixcart.com/image/832/832/jh80ia80/mobile/d/y/x/mymax-m7250-m7250-original-imaf5a9jsueqxzg6.jpeg?q=70
15,Mymax M7250  (Black & Red),524,32 MB RAM | 32 MB ROM | | 1.8 inch Display | 1.3MP Rear Camera | 1000 mAh Battery | ,https://rukminim1.flixcart.com/image/832/832/jh80ia80/mobile/j/9/m/mymax-m7250-m7250-original-imaf5a9mgwfm4gkx.jpeg?q=70
16,Lava Z90 (Blue_ 32 GB)  (3 GB RAM),8_949,3 GB RAM | 32 GB ROM | Expandable Upto 128 GB | 5.2 inch HD Display | 8MP + 2MP Dual Rear Camera | 8MP Front Camera | 2750 mAh Battery | ,https://rukminim1.flixcart.com/image/832/832/j9rdq4w0/mobile/h/g/p/lava-z90-4g-volte-with-finger-print-sensor-z90-4g-volte-with-original-imaezfjyzfyb8hhv.jpeg?q=70
17,Alcatel U5 HD (Metallic Black_ 16 GB)  (2 GB RAM),5_999,2 GB RAM | 16 GB ROM | Expandable Upto 32 GB | 5.0 inch HD Display | 13MP Rear Camera | 8MP Front Camera | 2200 mAh Battery | MTK6737 Processor | ,https://rukminim1.flixcart.com/image/832/832/j8kiikw0-1/mobile/u/3/d/alcatel-u5-hd-5047i-2cfkin1-original-imaeyk6vvkghgrws.jpeg?q=70
18,Panasonic Eluga I2 3GB (Gold_ 16 GB)  (3 GB RAM),8_499,3 GB RAM | 16 GB ROM | | 5 inch Display | 8MP Rear Camera | 2000 mAh Battery | ,https://rukminim1.flixcart.com/image/832/832/j63x7rk0/mobile/f/j/j/panasonic-eluga-i2-3gb-eluga-i2-3gb-original-imaem9f8yqugbzpb.jpeg?q=70
19,LG Optimus L70 (Black_ 4 GB)  (1 GB RAM),12_791,1 GB RAM | 4 GB ROM | Expandable Upto 32 GB | 4.5 inch WVGA Display | 5MP Rear Camera | 0.3MP Front Camera | 2100 mAh Li-Ion Battery | Snapdragon Processor | ,https://rukminim1.flixcart.com/image/832/832/mobile/q/z/z/lg-l70-original-imadv2xzthx3yfh7.jpeg?q=70
20,Kechaoda K28 Plus  (Champagne Gold),1_269,32 MB RAM | 32 MB ROM | Expandable Upto 16 GB | 2.8 inch QVGA Display | 0.3MP Rear Camera | 1700 mAh Battery | ,https://rukminim1.flixcart.com/image/832/832/jkbguq80/mobile/4/c/h/kechaoda-k28-plus-k28-plus-original-imaf7p8j8npnwjxy.jpeg?q=70
21,Kechaoda K28 Plus  (Blue),1_269,32 MB RAM | 32 MB ROM | Expandable Upto 16 GB | 2.8 inch QVGA Display | 0.3MP Rear Camera | 1700 mAh Battery | ,https://rukminim1.flixcart.com/image/832/832/jkbguq80/mobile/f/p/v/kechaoda-k28-plus-k28-plus-original-imaf7p8jqffgxhbz.jpeg?q=70
22,Micromax Vdeo 5 (Grey_ 8 GB)  (1 GB RAM),6_749,1 GB RAM | 8 GB ROM | Expandable Upto 32 GB | 5.5 inch HD Display | 8MP Rear Camera | 5MP Front Camera | 3000 mAh Li-Ion Battery | Spreadtrum SC9832 A7 Processor | ,https://rukminim1.flixcart.com/image/832/832/j79czgw0/mobile/z/h/j/micromax-vdeo-5-q4220-original-imaexjnxzv8evqde.jpeg?q=70
23,Celkon C327  (Black),845,32 MB RAM | 32 MB ROM | Expandable Upto 16 GB | 1.8 inch Display | 1.3MP Rear Camera | 1000 mAh Battery | ,https://rukminim1.flixcart.com/image/832/832/j3j1le80/mobile/s/x/w/celkon-c327-c327-original-imaeujn7bugpgfkf.jpeg?q=70
24,Google Pixel XL (Very Silver_ 32 GB)  (4 GB RAM),67_000,4 GB RAM | 32 GB ROM | | 5.5 inch Quad HD Display | 12.3MP Rear Camera | 8MP Front Camera | 3450 mAh Battery | Qualcomm Snapdragon 821 64-bit Quad Core 2.15GHz Processor | ,https://rukminim1.flixcart.com/image/832/832/mobile/n/t/j/google-pixel-xl-m7-original-imaemzzgsfuvy7ek.jpeg?q=70
25,Celkon C410  (Black & White),None,1 MB RAM | 1 MB ROM | | 2.4 inch Display | 1.3MP Rear Camera | 1000 mAh Battery | ,https://rukminim1.flixcart.com/image/832/832/jg2kqkw0/mobile/m/u/f/celkon-c410-c410-original-imaf4cz8aerfr5zb.jpeg?q=70
26,Lemon Blaze Plus 502 (Grey_ 16 GB)  (2 GB RAM),4_699,2 GB RAM | 16 GB ROM | Expandable Upto 32 GB | 5 inch quarter HD Display | 8MP Rear Camera | 5MP Front Camera | 2200 mAh Battery | ,https://rukminim1.flixcart.com/image/832/832/jezzukw0/mobile/t/h/x/lemon-blaze-plus-502-blaze-plus-502-original-imaf3j7yrwv65khq.jpeg?q=70
27,Apple iPhone 6 (Gold_ 64 GB),25_999,64 GB ROM | | 4.7 inch Retina HD Display | 8MP Rear Camera | 1.2MP Front Camera | Li-Ion Battery | A8 Chip with 64-bit Architecture and M8 Motion Co-processor | ,https://rukminim1.flixcart.com/image/832/832/mobile/a/z/h/apple-iphone-6-original-imaeynf5tzfkzaym.jpeg?q=70
28,I-Plus I-6  (Black & White),699,20 MB RAM | 32 MB ROM | | 1.8 inch Display | 0.03MP Rear Camera | 1000 mAh Battery | ,https://rukminim1.flixcart.com/image/832/832/jduk2vk0/mobile/h/y/r/iplus-i-6-i-6-original-imaf2gn36stfkgvk.jpeg?q=70
29,Lava Z25 (Gold_ 32 GB)  (4 GB RAM),18_000,4 GB RAM | 32 GB ROM | Expandable Upto 128 GB | 5.5 inch HD Display | 13MP Rear Camera | 8MP Front Camera | 3020 mAh Battery | Mediatek MT6750 Octa Core 1.5GHz Processor | ,https://rukminim1.flixcart.com/image/832/832/j0sg7m80/mobile/z/m/2/lava-z25-na-original-imaeshfqm8rnwy85.jpeg?q=70
30,Lava Z25 (Grey_ 32 GB)  (4 GB RAM),18_000,4 GB RAM | 32 GB ROM | Expandable Upto 128 GB | 5.5 inch HD Display | 13MP Rear Camera | 8MP Front Camera | 3020 mAh Battery | MT6750 Processor | ,https://rukminim1.flixcart.com/image/832/832/j0sg7m80/mobile/z/m/2/lava-z25-na-original-imaeshfqm8rnwy85.jpeg?q=70
31,Itel IT 5040  (Black & Red),1_399,32 MB RAM | 32 MB ROM | | 2.4 inch Display | 0.3MP Rear Camera | 1900 mAh Battery | ,https://rukminim1.flixcart.com/image/832/832/jjkbhjk0/mobile/g/x/w/itel-it-5040-it-5040-original-imaf73uychqgta3j.jpeg?q=70
32,Karbonn K-9,1_290,Display | Battery | ,https://rukminim1.flixcart.com/image/832/832/mobile/9/n/y/karbonn-k9-original-imadyh3yqjxrknxg.jpeg?q=70
33,Karbonn Titanium S4 (Black_ 4 GB)  (1 GB RAM),13_298,1 GB RAM | 4 GB ROM | Expandable Upto 32 GB | 4.7 inch HD Display | 13MP Rear Camera | 2MP Front Camera | 1800 mAh Battery | ,https://rukminim1.flixcart.com/image/832/832/mobile/b/r/t/karbonn-titanium-s4-original-imadrywymxt68gsc.jpeg?q=70
34,Karbonn Aura Sleek 4G (Champagne & White_ 8 GB)  (1 GB RAM),4_068,1 GB RAM | 8 GB ROM | Expandable Upto 32 GB | 5 inch FWVGA Display | 5MP Rear Camera | 2MP Front Camera | 2000 mAh Battery | ,https://rukminim1.flixcart.com/image/832/832/j6b2f0w0/mobile/z/g/p/karbonn-aura-sleek-4g-aura-sleek-4g-original-imaewfbzvgncbj7t.jpeg?q=70
35,Karbonn Titanium S4 (White_ 4 GB)  (1 GB RAM),14_990,1 GB RAM | 4 GB ROM | Expandable Upto 32 GB | 4.7 inch HD Display | 13MP Rear Camera | 2MP Front Camera | 1800 mAh Battery | ,https://rukminim1.flixcart.com/image/832/832/mobile/q/v/z/karbonn-titanium-s4-original-imadrzwpnt4mtyb9.jpeg?q=70
36,Yu Yureka S (Graphite Grey_ 16 GB)  (3 GB RAM),14_999,3 GB RAM | 16 GB ROM | | 5.2 inch Full HD Display | 13MP Rear Camera | 5MP Front Camera | 3000 mAh Polymer Battery | qualcomm Snapdragon 615 Octa Core 1.7GHz Processor | ,https://rukminim1.flixcart.com/image/832/832/mobile/n/7/r/yu-yureka-s-yu5200-original-imaemgykq29hhnjd.jpeg?q=70
37,Panasonic P100 (Blue_ 16 GB)  (2 GB RAM),7_299,2 GB RAM | 16 GB ROM | Expandable Upto 128 GB | 5 inch HD Display | 8MP Rear Camera | 5MP Front Camera | 2200 mAh Lithium ion Battery | Mediatek MTK 6737 Quad Core Processor | Android - Nougat | Fingerprint Sensor | ,https://rukminim1.flixcart.com/image/832/832/jdj4k280/mobile/p/z/z/panasonic-p100-eb-90s50p1cv-original-imaf28jq7m4wvsfh.jpeg?q=70
38,Mymax M40 Combo of Four Mobiles  (Green&Black$$Black&Green$$Green&Black$$Green&Black),1_998,32 MB RAM | 32 MB ROM | | 1.8 inch Display | 1.3MP Rear Camera | 1000 mAh Battery | ,https://rukminim1.flixcart.com/image/832/832/ji0lbbk0/mobile/h/h/h/mymax-m40-combo-of-four-mobiles-m40-combo-of-four-mobiles-original-imaf5wuchk33hhq2.jpeg?q=70
39,XOLO Q600 (White_ 4 GB)  (512 MB RAM),6_935,512 MB RAM | 4 GB ROM | Expandable Upto 32 GB | 4.5 inch FWVGA Display | 5MP Rear Camera | 0.3MP Front Camera | 2000 mAh Battery | ,https://rukminim1.flixcart.com/image/832/832/mobile/5/m/w/xolo-q600-original-imadmdrpzbnnubmh.jpeg?q=70
40,Mymax M40 Combo of Four Mobiles  (Black&Green$$Green&Black$$Black&Green$$Black&Green),1_998,32 MB RAM | 32 MB ROM | | 1.8 inch Display | 1.3MP Rear Camera | 1000 mAh Battery | ,https://rukminim1.flixcart.com/image/832/832/ji0lbbk0/mobile/q/k/a/mymax-m40-combo-of-four-mobiles-m40-combo-of-four-mobiles-original-imaf5wuce6ejgxzz.jpeg?q=70
41,Muphone M230  (Coffee),1_249,32 MB RAM | 64 MB ROM | Expandable Upto 32 GB | 2.8 inch QVGA Display | 0.3MP Rear Camera | 1700 mAh Battery | ,https://rukminim1.flixcart.com/image/832/832/jf9zxjk0/mobile/m/u/f/muphone-m230-m230-original-imaf3rrncx9zdutt.jpeg?q=70
42,Honor 6 Plus (Black_ 32 GB)  (3 GB RAM),14_999,3 GB RAM | 32 GB ROM | Expandable Upto 128 GB | 5.5 inch Full HD Display | 8MP + 8MP Dual Rear Camera | 8MP Front Camera | 3600 mAh Battery | Hisilicon Kirin 925 Cortex-A15 + Cortex-A7 Processor | ,https://rukminim1.flixcart.com/image/832/832/mobile/j/f/m/huawei-honor-6-plus-pine-l02-original-imae6a6bkphnvj2t.jpeg?q=70
43,Karbonn K1 Indian  (Black & Red),799,56 MB RAM | 56 MB ROM | | 1.8 inch Display | 0.3MP Rear Camera | 800 mAh Battery | ,https://rukminim1.flixcart.com/image/832/832/j7ksia80/mobile/5/j/b/karbonn-k1-indian-k1-indian-original-imaexkqhvmgrzqgj.jpeg?q=70
44,Lava X41 Plus (Gold_ 32 GB)  (2 GB RAM),6_999,2 GB RAM | 32 GB ROM | Expandable Upto 32 GB | 5 inch HD Display | 8MP Rear Camera | 5MP Front Camera | 2500 mAh Li-Polymer Battery | SC882 Processor | ,https://rukminim1.flixcart.com/image/832/832/mobile/m/k/g/lava-x41-plus-na-original-imaered9cdf9ffb7.jpeg?q=70
45,Yuho Y2 (Charcoal Black_ 8 GB)  (1 GB RAM),7_299,1 GB RAM | 8 GB ROM | Expandable Upto 32 GB | 5.5 inch Display | 8MP + 8MP Dual Rear Camera | 2750 mAh Battery | MT6737 64-bit Cortex A53 Processor | ,https://rukminim1.flixcart.com/image/832/832/jiovssw0/mobile/x/g/v/yuho-y2-na-original-imaf6fgjtwzxphv4.jpeg?q=70
46,InFocus Epic 1 (Gold_ 32 GB)  (3 GB RAM),8_777,3 GB RAM | 32 GB ROM | Expandable Upto 128 GB | 5.5 inch Full HD Display | 16MP Rear Camera | 8MP Front Camera | 3000 mAh Lithium-ion Polymer Battery | MediaTek MT6797M Helio X20 0 2.3GHz Processor | ,https://rukminim1.flixcart.com/image/832/832/mobile/f/g/z/infocus-epic-1-na-original-imaeq64fur5wynv8.jpeg?q=70
47,Yuho Y2 (Ruby Red Black_ 8 GB)  (1 GB RAM),None,1 GB RAM | 8 GB ROM | Expandable Upto 32 GB | 5.5 inch Display | 8MP + 8MP Dual Rear Camera | 2750 mAh Battery | MT6737 64-bit Cortex A53 Processor | ,https://rukminim1.flixcart.com/image/832/832/jiovssw0/mobile/c/x/r/yuho-y2-na-original-imaf6fgj3av23xy6.jpeg?q=70
48,Kechaoda K28 Plus  (Black),1_269,32 MB RAM | 32 MB ROM | Expandable Upto 16 GB | 2.8 inch QVGA Display | 0.3MP Rear Camera | 1700 mAh Battery | ,https://rukminim1.flixcart.com/image/832/832/jkbguq80/mobile/k/h/s/kechaoda-k28-plus-k28-plus-original-imaf7p8jpgftrc95.jpeg?q=70
49,GLX W5 Pack of Three Mobiles  (Red$$Black$$Blue),1_649,32 MB RAM | 64 MB ROM | Expandable Upto 8 GB | 1.8 inch Quarter QVGA Display | 0.3MP Rear Camera | 950 mAh Battery | ,https://rukminim1.flixcart.com/image/832/832/jeiukcw0/mobile/k/z/8/glx-w5-pack-of-three-mobiles-w5-original-imaf36yuwevdyztd.jpeg?q=70
50,GLX W5 Pack of Three Mobiles  (Black$$Blue$$White),1_649,32 MB RAM | 64 MB ROM | Expandable Upto 8 GB | 1.8 inch Quarter QVGA Display | 0.3MP Rear Camera | 950 mAh Battery | ,https://rukminim1.flixcart.com/image/832/832/jeiukcw0/mobile/f/2/f/glx-w5-pack-of-three-mobiles-w5-original-imaf36yukjpuygaa.jpeg?q=70
51,Mymax M1110  (Black & Gold),524,32 MB RAM | 32 MB ROM | | 1.8 inch Display | 1.3MP Rear Camera | 1000 mAh Battery | ,https://rukminim1.flixcart.com/image/832/832/jh9fy4w0/mobile/4/b/z/mymax-m1110-m1110-original-imaf5bex99mgkeuz.jpeg?q=70
52,GLX W5 Pack of Three Mobiles  (Red$$Blue$$White),1_649,32 MB RAM | 64 MB ROM | Expandable Upto 8 GB | 1.8 inch Quarter QVGA Display | 0.3MP Rear Camera | 950 mAh Battery | ,https://rukminim1.flixcart.com/image/832/832/jeiukcw0/mobile/z/u/k/glx-w5-pack-of-three-mobiles-w5-original-imaf36yubdn2tawu.jpeg?q=70
53,LYF Water 1 (White_ 16 GB)  (2 GB RAM),14_699,2 GB RAM | 16 GB ROM | Expandable Upto 32 GB | 5 inch Full HD Display | 13MP Rear Camera | 5MP Front Camera | 2600 mAh Li-Ion Polymer Battery | qualcomm Qualcomm Snapdragon 615 64-bit Dual Core 1.5GHz Processor | ,https://rukminim1.flixcart.com/image/832/832/mobile/6/p/k/lyf-water-1-ls-5002-original-imaej3bttteccpet.jpeg?q=70
54,Samsung Galaxy J2 (White_ 8 GB)  (1 GB RAM),7_400,1 GB RAM | 8 GB ROM | Expandable Upto 128 GB | 4.7 inch quarter HD Display | 5MP Rear Camera | 2MP Front Camera | 2000 mAh Battery | Exynos 3475 Quad Core 1.3GHz Processor | ,https://rukminim1.flixcart.com/image/832/832/mobile/2/t/f/samsung-galaxy-j2-sm-j200gzwdins-sm-j200gzwhins-original-imaez5muuqgtteae.jpeg?q=70
55,GLX U505 Pack of Three Mobiles  (White$$Red$$Coffee),1_729,32 MB RAM | 64 MB ROM | Expandable Upto 8 GB | 1.8 inch Quarter QVGA Display | 0.3MP Rear Camera | 950 mAh Battery | ,https://rukminim1.flixcart.com/image/832/832/jen4vww0/mobile/8/h/v/glx-u505-pack-of-three-mobiles-u505-original-imaf3a58tgvqxyrb.jpeg?q=70
56,GLX U505 Pack of Three Mobiles  (Black$$Red$$Coffee),1_729,32 MB RAM | 64 MB ROM | Expandable Upto 8 GB | 1.8 inch Quarter QVGA Display | 0.3MP Rear Camera | 950 mAh Battery | ,https://rukminim1.flixcart.com/image/832/832/jen4vww0/mobile/d/j/f/glx-u505-pack-of-three-mobiles-u505-original-imaf3a576g6dndzp.jpeg?q=70
57,GLX U505 Pack of Three Mobiles  (White$$Black$$Coffee),1_729,32 MB RAM | 64 MB ROM | Expandable Upto 8 GB | 1.8 inch Quarter QVGA Display | 0.3MP Rear Camera | 950 mAh Battery | ,https://rukminim1.flixcart.com/image/832/832/jen4vww0/mobile/j/m/p/glx-u505-pack-of-three-mobiles-u505-original-imaf3a57vgv7qnnn.jpeg?q=70
58,Apple iPhone 7 Plus (Black_ 32 GB),54_999,32 GB ROM | | 5.5 inch Retina HD Display | 12MP + 12MP Dual Rear Camera | 7MP Front Camera | Li-Ion Battery | Apple A10 Fusion 64-bit processor and Embedded M10 Motion Co-processor | ,https://rukminim1.flixcart.com/image/832/832/mobile/f/q/h/apple-iphone-7-plus-na-original-imaemz66zzbftnnt.jpeg?q=70
59,GLX U505 Pack of Three Mobiles  (White$$Black$$Red),1_729,32 MB RAM | 64 MB ROM | Expandable Upto 8 GB | 1.8 inch Quarter QVGA Display | 0.3MP Rear Camera | 950 mAh Battery | ,https://rukminim1.flixcart.com/image/832/832/jen4vww0/mobile/c/n/z/glx-u505-pack-of-three-mobiles-u505-original-imaf3a58me2kud68.jpeg?q=70
60,Rocktel W21  (Black&Red),559,32 MB RAM | 32 MB ROM | | 1.8 inch Display | 0.3MP Rear Camera | 800 mAh Battery | ,https://rukminim1.flixcart.com/image/832/832/jka1evk0/mobile/z/h/w/rocktel-w21-w21-original-imaf7nzyfgh22s8w.jpeg?q=70
61,Gionee P7 (Grey_ 16 GB)  (2 GB RAM),7_490,2 GB RAM | 16 GB ROM | Expandable Upto 128 GB | 5 inch HD Display | 8MP Rear Camera | 5MP Front Camera | 2300 mAh Li-Ion Battery | ,https://rukminim1.flixcart.com/image/832/832/mobile/r/b/n/gionee-p7-original-imaepgthphfvzgsg.jpeg?q=70
62,Yu Yuphoria (Black & Silver_ 16 GB)  (2 GB RAM),8_999,2 GB RAM | 16 GB ROM | Expandable Upto 32 GB | 5 inch HD Display | 8MP Rear Camera | 5MP Front Camera | 2230 mAh Battery | 1.2GHz quad-core/Qualcomm Snapdragon 410 MSM8916 Processor | ,https://rukminim1.flixcart.com/image/832/832/j16qm4w0/mobile/u/v/v/yu-yuphoria-yu5010a-original-imaestftzt9zvpcq.jpeg?q=70
63,Zen Admire Buzz (Grey_ 8 GB)  (768 MB RAM),4_999,768 MB RAM | 8 GB ROM | Expandable Upto 32 GB | 5 inch Display | 5MP Rear Camera | 2MP Front Camera | 2000 mAh Battery | ,https://rukminim1.flixcart.com/image/832/832/j3er9u80/mobile/s/j/t/zen-admire-buzz-admire-buzz-original-imaeugv4wcetcgyz.jpeg?q=70
64,Huawei P9 (Mystic Silver_ 32 GB)  (3 GB RAM),21_999,3 GB RAM | 32 GB ROM | Expandable Upto 128 GB | 5.2 inch Full HD Display | 12MP + 12MP Dual Rear Camera | 8MP Front Camera | 3000 mAh Battery | HUAWEI Kirin 955 ARM Cortex-A72 64-bit + ARM Cortex-A53 64-bit Processor | ,https://rukminim1.flixcart.com/image/832/832/mobile/r/b/j/huawei-p9-eva-l09-original-imaehh48hvsbufwk.jpeg?q=70
65,Samsung Galaxy S9 Plus (Lilac Purple_ 128 GB)  (6 GB RAM),68_900,6 GB RAM | 128 GB ROM | Expandable Upto 400 GB | 6.2 inch Quad HD+ Display | 12MP + 12MP Dual Rear Camera | 8MP Front Camera | 3500 mAh Battery | Exynos 9810 Processor | ,https://rukminim1.flixcart.com/image/832/832/jf8khow0/mobile/k/r/w/samsung-galaxy-s9-plus-na-original-imaf3qzzewnfhvnp.jpeg?q=70
66,Yuho Y1 (Champagne Gold_ 8 GB)  (1 GB RAM),6_299,1 GB RAM | 8 GB ROM | Expandable Upto 32 GB | 5 inch Display | 8MP Rear Camera | 2150 mAh Battery | SC9832A 32-bit Quad A7_ 28nm Processor | ,https://rukminim1.flixcart.com/image/832/832/jiulk7k0/mobile/v/g/z/yuho-y1-na-original-imaf6jtbmmsxaqau.jpeg?q=70
67,Yuho Y1 (Sky Grey Black_ 8 GB)  (1 GB RAM),5_899,1 GB RAM | 8 GB ROM | Expandable Upto 32 GB | 5 inch Display | 8MP Rear Camera | 2150 mAh Battery | SC9832A 32-bit Quad A7_ 28nm Processor | ,https://rukminim1.flixcart.com/image/832/832/jit64cw0-1/mobile/a/h/9/yuho-y1-na-original-imaf6jaqef7tbwpa.jpeg?q=70
68,Callbar C66  (Carribbean Blue),700,128 MB RAM | 128 MB ROM | | 2 inch Display | 0.3MP Rear Camera | 850 mAh Battery | ,https://rukminim1.flixcart.com/image/832/832/j9hdn680/mobile/d/s/x/callbar-c66-c66-original-imaez27tfdtzwhwt.jpeg?q=70
69,Apple iPhone 6 (Silver_ 64 GB),25_999,64 GB ROM | | 4.7 inch Retina HD Display | 8MP Rear Camera | 1.2MP Front Camera | Li-Ion Battery | A8 Chip with 64-bit Architecture and M8 Motion Co-processor | ,https://rukminim1.flixcart.com/image/832/832/mobile/2/j/5/apple-iphone-6-original-imaeyny5fy253xy4.jpeg?q=70
70,GLX W5 Pack of Three Mobiles  (Red$$Black$$White),1_729,32 MB RAM | 64 MB ROM | Expandable Upto 8 GB | 1.8 inch Quarter QVGA Display | 0.3MP Rear Camera | 950 mAh Battery | ,https://rukminim1.flixcart.com/image/832/832/jevpj0w0/mobile/y/p/g/glx-w5-pack-of-three-mobiles-w5-original-imaf36yu8ug2bbth.jpeg?q=70
71,Detel D1 Vibe  (White),799,1 MB RAM | 2 MB ROM | | 1.8 inch Display | 0.3MP Rear Camera | 1050 mAh Battery | ,https://rukminim1.flixcart.com/image/832/832/jl2m7ww0/mobile/k/y/h/detel-d1-vibe-d1-vibe-original-imaf8ayd6h9zq3hs.jpeg?q=70
72,Lava A97 4G with VoLTE (Black Gold_ 8 GB)  (2 GB RAM),6_199,2 GB RAM | 8 GB ROM | Expandable Upto 32 GB | 5 inch FWVGA Display | 5MP Rear Camera | 5MP Front Camera | 2350 mAh Li-Ion Battery | SC9832A Processor | ,https://rukminim1.flixcart.com/image/832/832/j0vb3bk0/mobile/f/b/c/lava-a97-4g-original-imaeskrzwdjvhzcw.jpeg?q=70
73,Samsung Galaxy A5 (Champagne Gold_ 16 GB)  (2 GB RAM),26_800,2 GB RAM | 16 GB ROM | Expandable Upto 64 GB | 5 inch HD Display | 13MP Rear Camera | 5MP Front Camera | 2300 mAh Battery | ,https://rukminim1.flixcart.com/image/832/832/mobile/k/n/b/samsung-galaxy-a5-sm-a500gzddins-original-imaez5muygmy4gag.jpeg?q=70
74,Zen Admire Buzz (Black_ 8 GB)  (768 MB RAM),3_899,768 MB RAM | 8 GB ROM | Expandable Upto 32 GB | 5 inch Display | 5MP Rear Camera | 2MP Front Camera | 2000 mAh Battery | ,https://rukminim1.flixcart.com/image/832/832/j3er9u80/mobile/s/j/t/zen-admire-buzz-admire-buzz-original-imaeugv4wcetcgyz.jpeg?q=70
75,Intex Eco  (Black & Red),989,56 MB RAM | 56 MB ROM | | 1.8 inch Display | 0.03MP Rear Camera | 800 mAh Battery | ,https://rukminim1.flixcart.com/image/832/832/jfvfjbk0/mobile/q/f/y/intex-eco-i12-original-imaf48hzqdztvuk4.jpeg?q=70
76,Micromax X706  (Black),1_349,32 MB RAM | 32 MB ROM | | 2.4 inch QVGA Display | 0.3MP Rear Camera | 1200 mAh Battery | ,https://rukminim1.flixcart.com/image/832/832/j6l2hzk0/mobile/f/d/h/micromax-x706-x706-original-imaewnbezfykgwcf.jpeg?q=70
77,Apple iPhone X (Silver_ 64 GB),95_390,64 GB ROM | | 5.8 inch Super Retina HD Display | 12MP + 12MP Dual Rear Camera | 7MP Front Camera | lithium-ion Battery | A11 Bionic Chip with 64-bit Architecture_ Neural Engine_ Embedded M11 Motion Coprocessor Processor | ,https://rukminim1.flixcart.com/image/832/832/j9d3bm80/mobile/f/y/v/apple-iphone-x-mqa92hn-a-original-imaeyysgqbg8qmhn.jpeg?q=70
78,OPPO F7 (Red_ 64 GB)  (4 GB RAM),20_990,4 GB RAM | 64 GB ROM | Expandable Upto 256 GB | 6.23 inch FHD+ Display | 16MP Rear Camera | 25MP Front Camera | 3400 mAh Battery | MTK P60 Octa Core 2.0 GHz Processor | ,https://rukminim1.flixcart.com/image/832/832/jf751u80/mobile/p/y/d/oppo-f7-cph1819-original-imaf3phkphb3yuv4.jpeg?q=70
79,GLX W8 Pack of Three Mobiles  (Red$$Black$$Blue),1_729,32 MB RAM | 64 MB ROM | Expandable Upto 8 GB | 1.8 inch Quarter QVGA Display | 0.3MP Rear Camera | 950 mAh Battery | ,https://rukminim1.flixcart.com/image/832/832/jen4vww0/mobile/s/7/z/glx-w8-pack-of-three-mobiles-w8-original-imaf3aa2juvs9gjf.jpeg?q=70
80,Panasonic Eluga Ray 550 (Black_ 32 GB)  (3 GB RAM),9_899,3 GB RAM | 32 GB ROM | Expandable Upto 128 GB | 5.7 inch HD+ Display | 13MP Rear Camera | 8MP Front Camera | 3250 mAh Lithium-ion Battery | Mediatek MTK 6737H Quad Core Processor | Android Nougat | Rear Fingerprint Sensor | 18:9 Big View Display | ,https://rukminim1.flixcart.com/image/832/832/jf8khow0/mobile/w/p/r/panasonic-eluga-ray-550-eb-90s57r55k-original-imaf3qw7stghfps4.jpeg?q=70
81,Micromax X407  (Grey),1_149,56 MB RAM | 40 KB ROM | | 1.77 inch Display | 0.03MP Rear Camera | 800 mAh Battery | ,https://rukminim1.flixcart.com/image/832/832/mobile/c/g/5/micromax-x407-x407-original-imaehxrhyhgzpyfh.jpeg?q=70
82,InFocus M812 (Silver_ 16 GB)  (3 GB RAM),9_230,3 GB RAM | 16 GB ROM | Expandable Upto 64 GB | 5.5 inch HD Display | 13MP Rear Camera | 8MP Front Camera | 2900 mAh Battery | Qualcomm Quad Core Processor | ,https://rukminim1.flixcart.com/image/832/832/mobile/b/5/b/infocus-m812-m812-original-imaee2cs3rhvacnh.jpeg?q=70
83,Zen X62  (Black & Orange),890,1.8 inch Display | 1.3MP Rear Camera | 1750 mAh Battery | ,https://rukminim1.flixcart.com/image/832/832/j2z1fgw0/mobile/8/g/e/zen-x62-x62-original-imaetsfsvwheahta.jpeg?q=70
84,GLX W8 Pack of Three Mobiles  (Red$$White$$Blue),1_729,32 MB RAM | 64 MB ROM | Expandable Upto 8 GB | 1.8 inch Quarter QVGA Display | 0.3MP Rear Camera | 950 mAh Battery | ,https://rukminim1.flixcart.com/image/832/832/jen4vww0/mobile/c/u/g/glx-w8-pack-of-three-mobiles-w8-original-imaf3a57kfcwjufd.jpeg?q=70
85,Ziox Trendy  (Black & Blue),1_099,2.4 inch Display | 0.3MP Rear Camera | 1800 mAh Battery | ,https://rukminim1.flixcart.com/image/832/832/j4rc8sw0/mobile/4/m/3/ziox-trendy-trendy-original-imaevcqzcnuxmdxz.jpeg?q=70
86,GLX W8 Pack of Three Mobiles  (Red$$Black$$White),1_729,32 MB RAM | 64 MB ROM | Expandable Upto 8 GB | 1.8 inch Quarter QVGA Display | 0.3MP Rear Camera | 950 mAh Battery | ,https://rukminim1.flixcart.com/image/832/832/jen4vww0/mobile/v/5/q/glx-w8-pack-of-three-mobiles-w8-original-imaf3a566yzfmnpm.jpeg?q=70
87,Gfive M11  (Gold),1_074,32 MB RAM | 32 MB ROM | | 2.4 inch Display | 1.3MP Rear Camera | 1800 mAh Battery | ,https://rukminim1.flixcart.com/image/832/832/je34pzk0/mobile/h/p/s/gfive-m11-m11-original-imaf2sy8c3u4mgch.jpeg?q=70
88,Gfive M11  (Black),1_099,32 MB RAM | 32 MB ROM | | 2.4 inch Display | 1.3MP Rear Camera | 1800 mAh Battery | ,https://rukminim1.flixcart.com/image/832/832/je34pzk0/mobile/p/y/f/gfive-m11-m11-original-imaf2sz79xbe57k9.jpeg?q=70
89,Gfive M11  (Red),1_099,32 MB RAM | 32 MB ROM | | 2.4 inch Display | 1.3MP Rear Camera | 1800 mAh Battery | ,https://rukminim1.flixcart.com/image/832/832/je34pzk0/mobile/c/g/e/gfive-m11-m11-original-imaf2szjfqeydgty.jpeg?q=70
90,Mymax M1110  (Black & Red),524,32 MB RAM | 32 MB ROM | | 1.8 inch Display | 1.3MP Rear Camera | 1000 mAh Battery | ,https://rukminim1.flixcart.com/image/832/832/jh9fy4w0/mobile/p/a/p/mymax-m1110-m1110-original-imaf5bh9rpzxc68c.jpeg?q=70
91,Karbonn K9 Viraat 4G (Champagne_ 8 GB)  (1 GB RAM),5_499,1 GB RAM | 8 GB ROM | | 5.5 inch HD Display | 8MP Rear Camera | 3.2MP Front Camera | 2800 mAh Battery | 0 0 Quad Core 1.25GHz Processor | ,https://rukminim1.flixcart.com/image/832/832/mobile/t/t/g/karbonn-k9-viraat-4g-k9-viraat-4g-original-imaeqwv57havgjdu.jpeg?q=70
92,Panasonic Eluga A3 Pro (Mocha Gold_ 32 GB)  (3 GB RAM),9_299,3 GB RAM | 32 GB ROM | Expandable Upto 128 GB | 5.2 inch HD Display | 13MP Rear Camera | 8MP Front Camera | 4000 mAh Li-ion Polymer Battery | MTK6753 Processor | ,https://rukminim1.flixcart.com/image/832/832/j6l2hzk0/mobile/a/e/w/panasonic-eluga-a3-eb-90s52ea3p-original-imaexynhgzftaayh.jpeg?q=70
93,OPPO F3 Deepika Padukone Limited Edition (Rose Gold_ 64 GB)  (4 GB RAM),19_500,4 GB RAM | 64 GB ROM | Expandable Upto 128 GB | 5.5 inch Full HD Display | 13MP Rear Camera | 16MP + 8MP Dual Front Camera | 3200 mAh Battery | Mediatek MT6750T Octa Core 1.5 GHz Processor | ,https://rukminim1.flixcart.com/image/832/832/j65cnm80/mobile/e/m/u/oppo-f3-deepika-padukone-limited-edition-original-imaewmbfhzhethup.jpeg?q=70
94,VIVO Y55L (Grey_ 16 GB)  (2 GB RAM),9_689,2 GB RAM | 16 GB ROM | | 5.2 inch Display | 8MP Rear Camera | 5MP Front Camera | 2650 mAh Battery | qualcomm 0 Octa Core 1.4GHz Processor | ,https://rukminim1.flixcart.com/image/832/832/j2ur3ww0/mobile/b/a/3/vivo-y55l-y55l-original-imaetr3stag7teqy.jpeg?q=70
95,Intex Aqua Amaze Plus (Black_ 8 GB)  (1 GB RAM),4_245,1 GB RAM | 8 GB ROM | Expandable Upto 32 GB | 4.7 inch HD Display | 5MP Rear Camera | 5MP Front Camera | 2000 mAh Li-Ion Battery | SC9832A Processor | ,https://rukminim1.flixcart.com/image/832/832/mobile/q/y/a/intex-aqua-amaze-plus-na-original-imaer2esu7ghhgsb.jpeg?q=70
96,Binatone The Brick Power Edition / The Brick XL Phone  (White),1_899,32 MB RAM | | 1.8 inch Display | 2000 mAh Battery | Yes Processor | ,https://rukminim1.flixcart.com/image/832/832/mobile/h/8/6/binatone-brick-brick-original-imae8q2jbhzxpzzy.jpeg?q=70
97,Alcatel Pixi4 (Metal Gold_ 8 GB)  (1 GB RAM),4_299,1 GB RAM | 8 GB ROM | Expandable Upto 32 GB | 5 inch FWVGA Display | 8MP Rear Camera | 5MP Front Camera | 2000 mAh Li-Ion Battery | MTK6735M Processor | ,https://rukminim1.flixcart.com/image/832/832/mobile/b/b/d/alcatel-pixi4-5-5045t-2kalin1-original-imaemgvgpkg2jspb.jpeg?q=70
98,nuvo One  (32 MB RAM),649,32 MB RAM | 32 MB ROM | Expandable Upto 16 GB | 1.8 inch QVGA Display | 1.3MP Rear Camera | 800 mAh Li-Ion Battery | ,https://rukminim1.flixcart.com/image/832/832/mobile/j/y/q/nuvo-one-with-whatsapp-facebook-torch-and-hindi-language-nf18-original-imae7zhknnhmjn7x.jpeg?q=70
99,Ziox Starz Victa (Blue)  (Blue),1_493,20 MB RAM | 128 MB ROM | | 2.4 inch Display | 0.3MP Rear Camera | 1800 mAh Battery | ,https://rukminim1.flixcart.com/image/832/832/mobile/a/z/4/ziox-starz-victa-blue-victa10-original-imaerycy6bru2jng.jpeg?q=70
100,Ziox S 337+  (Black & Red),1_299,128 MB RAM | 8 GB ROM | | 2.4 inch Display | 0.3MP Rear Camera | 1750 mAh Battery | ,https://rukminim1.flixcart.com/image/832/832/mobile/y/h/y/ziox-s-337-s-337-original-imaepfx8ctpgdf7f.jpeg?q=70
101,Mafe Shine M820 (White_ 16 GB)  (2 GB RAM),5_489,2 GB RAM | 16 GB ROM | Expandable Upto 32 GB | 5 inch HD Display | 8MP Rear Camera | 2500 mAh Battery | ,https://rukminim1.flixcart.com/image/832/832/j5jx1u80/mobile/u/g/u/mafe-shine-m820-shine-m820-original-imaevvgcc7wzy2c6.jpeg?q=70
102,Ziox Astra 4G (Black_ 8 GB)  (1 GB RAM),4_399,1 GB RAM | 8 GB ROM | | 5 inch Display | 5MP Rear Camera | 2450 mAh Battery | ,https://rukminim1.flixcart.com/image/832/832/j1pbc7k0/mobile/h/m/j/ziox-astra-4g-astra-4g-original-imaesyxmnjdwcjvc.jpeg?q=70
103,Karbonn Aura Power (Black-Champagne_ 8 GB)  (1 GB RAM),5_449,1 GB RAM | 8 GB ROM | Expandable Upto 64 GB | 5 inch FWVGA Display | 8MP Rear Camera | 5MP Front Camera | 4000 mAh Li-Polymer Battery | 0 0 Quad Core 1GHz Processor | ,https://rukminim1.flixcart.com/image/832/832/mobile/v/p/h/karbonn-aura-power-aura-power-original-imaemv358pkxkby2.jpeg?q=70
104,M-tech L15  (White & Blue),1_199,32 MB RAM | 32 MB ROM | Expandable Upto 16 GB | 2.4 inch QVGA Display | 0.3MP Rear Camera | 2400 mAh Battery | ,https://rukminim1.flixcart.com/image/832/832/j4eha4w0/mobile/w/d/z/mtech-l15-l15-original-imaev78ugdh9yeuh.jpeg?q=70
105,Gfive M11  (Rose Gold),1_095,32 MB RAM | 32 MB ROM | | 2.4 inch Display | 1.3MP Rear Camera | 1800 mAh Battery | ,https://rukminim1.flixcart.com/image/832/832/je34pzk0/mobile/e/z/m/gfive-m11-m11-original-imaf2szkq4fdyhnv.jpeg?q=70
106,Peace P2  (Red),535,1.8 inch Display | 0.3MP Rear Camera | 850 mAh Battery | ,https://rukminim1.flixcart.com/image/832/832/mobile/t/4/h/peace-p2-p2-original-imaempedf2r9myzn.jpeg?q=70
107,Apple iPhone 7 (Gold_ 128 GB),55_999,128 GB ROM | | 4.7 inch Retina HD Display | 12MP Rear Camera | 7MP Front Camera | Li-Ion Battery | Apple A10 Fusion 64-bit processor and Embedded M10 Motion Co-processor | ,https://rukminim1.flixcart.com/image/832/832/j7qi9ow0/mobile/t/f/u/apple-iphone-7-mn902hn-a-original-imaexwzmmgkzft4b.jpeg?q=70
108,Zen Admire Buzz (Black_ 8 GB)  (768 MB RAM),3_899,768 MB RAM | 8 GB ROM | Expandable Upto 32 GB | 5 inch Display | 5MP Rear Camera | 2MP Front Camera | 2000 mAh Battery | ,https://rukminim1.flixcart.com/image/832/832/j3er9u80/mobile/s/j/t/zen-admire-buzz-admire-buzz-original-imaeugv4wcetcgyz.jpeg?q=70
109,Nokia 5 (Silver_ 16 GB)  (3 GB RAM),11_799,3 GB RAM | 16 GB ROM | Expandable Upto 128 GB | 5.2 inch HD Display | 13MP Rear Camera | 8MP Front Camera | 3000 mAh Battery | Qualcomm Snapdragon 430 64-bit Processor | ,https://rukminim1.flixcart.com/image/832/832/j9eirgw0/mobile/k/e/e/nokia-5-na-original-imaez7e65jhzwamh.jpeg?q=70
110,Mymax M1110  (Black & Red),524,32 MB RAM | 32 MB ROM | | 1.8 inch Display | 1.3MP Rear Camera | 1000 mAh Battery | ,https://rukminim1.flixcart.com/image/832/832/jh9fy4w0/mobile/p/a/p/mymax-m1110-m1110-original-imaf5bh9rpzxc68c.jpeg?q=70
111,Gfive M11  (Black),1_099,32 MB RAM | 32 MB ROM | | 2.4 inch Display | 1.3MP Rear Camera | 1800 mAh Battery | ,https://rukminim1.flixcart.com/image/832/832/je34pzk0/mobile/p/y/f/gfive-m11-m11-original-imaf2sz79xbe57k9.jpeg?q=70
112,Gfive M11  (Gold),1_074,32 MB RAM | 32 MB ROM | | 2.4 inch Display | 1.3MP Rear Camera | 1800 mAh Battery | ,https://rukminim1.flixcart.com/image/832/832/je34pzk0/mobile/h/p/s/gfive-m11-m11-original-imaf2sy8c3u4mgch.jpeg?q=70
113,Gfive M11  (Red),1_099,32 MB RAM | 32 MB ROM | | 2.4 inch Display | 1.3MP Rear Camera | 1800 mAh Battery | ,https://rukminim1.flixcart.com/image/832/832/je34pzk0/mobile/c/g/e/gfive-m11-m11-original-imaf2szjfqeydgty.jpeg?q=70
114,Intex Eco  (Black & Red),989,56 MB RAM | 56 MB ROM | | 1.8 inch Display | 0.03MP Rear Camera | 800 mAh Battery | ,https://rukminim1.flixcart.com/image/832/832/jfvfjbk0/mobile/q/f/y/intex-eco-i12-original-imaf48hzqdztvuk4.jpeg?q=70
115,Micromax X407  (Grey),1_149,56 MB RAM | 40 KB ROM | | 1.77 inch Display | 0.03MP Rear Camera | 800 mAh Battery | ,https://rukminim1.flixcart.com/image/832/832/mobile/c/g/5/micromax-x407-x407-original-imaehxrhyhgzpyfh.jpeg?q=70
116,Micromax X706  (Black),1_349,32 MB RAM | 32 MB ROM | | 2.4 inch QVGA Display | 0.3MP Rear Camera | 1200 mAh Battery | ,https://rukminim1.flixcart.com/image/832/832/j6l2hzk0/mobile/f/d/h/micromax-x706-x706-original-imaewnbezfykgwcf.jpeg?q=70
117,Apple iPhone X (Silver_ 64 GB),99_000,64 GB ROM | | 5.8 inch Super Retina HD Display | 12MP + 12MP Dual Rear Camera | 7MP Front Camera | lithium-ion Battery | A11 Bionic Chip with 64-bit Architecture_ Neural Engine_ Embedded M11 Motion Coprocessor Processor | ,https://rukminim1.flixcart.com/image/832/832/j9d3bm80/mobile/f/y/v/apple-iphone-x-mqa92hn-a-original-imaeyysgqbg8qmhn.jpeg?q=70
118,GLX W8 Pack of Three Mobiles  (Red$$Black$$White),1_729,32 MB RAM | 64 MB ROM | Expandable Upto 8 GB | 1.8 inch Quarter QVGA Display | 0.3MP Rear Camera | 950 mAh Battery | ,https://rukminim1.flixcart.com/image/832/832/jen4vww0/mobile/v/5/q/glx-w8-pack-of-three-mobiles-w8-original-imaf3a566yzfmnpm.jpeg?q=70
119,OPPO F7 (Red_ 64 GB)  (4 GB RAM),20_990,4 GB RAM | 64 GB ROM | Expandable Upto 256 GB | 6.23 inch FHD+ Display | 16MP Rear Camera | 25MP Front Camera | 3400 mAh Battery | MTK P60 Octa Core 2.0 GHz Processor | ,https://rukminim1.flixcart.com/image/832/832/jf751u80/mobile/p/y/d/oppo-f7-cph1819-original-imaf3phkphb3yuv4.jpeg?q=70
120,Ziox Trendy  (Black & Blue),1_099,2.4 inch Display | 0.3MP Rear Camera | 1800 mAh Battery | ,https://rukminim1.flixcart.com/image/832/832/j4rc8sw0/mobile/4/m/3/ziox-trendy-trendy-original-imaevcqzcnuxmdxz.jpeg?q=70
121,Karbonn A19 (Black Silver_ 4 GB)  (512 MB RAM),6_999,512 MB RAM | 4 GB ROM | Expandable Upto 32 GB | 5 inch FWVGA Display | 8MP Rear Camera | 1600 mAh Battery | ,https://rukminim1.flixcart.com/image/832/832/mobile/4/w/t/karbonn-a19-original-imadtsjhz76wd685.jpeg?q=70
122,1+1=2 D7 Combo Of Two Mobile  (Black_ Yellow),1_119,32 MB RAM | 64 MB ROM | Expandable Upto 32 GB | 1.8 inch Display | 0.3MP Rear Camera | 1200 mAh Battery | ,https://rukminim1.flixcart.com/image/832/832/jc0ttow0-1/mobile/m/w/m/1-1-2-d7-combo-of-two-mobile-d7-original-imaff96yvzenzjtx.jpeg?q=70
123,I Kall K55 Combo Of Two Mobile  (Orange_ Orange),1_099,32 MB RAM | 64 MB ROM | Expandable Upto 8 GB | 1.8 inch Display | 0.3MP Rear Camera | 1000 mAh Battery | ,https://rukminim1.flixcart.com/image/832/832/j83d8cw0/mobile/g/d/d/i-kall-k55-combo-of-two-mobile-k55-original-imaey4pyraushs7r.jpeg?q=70
124,Lava KKT Star 2  (Black_ Blue),1_700,Expandable Upto 32 GB | 2.4 inch QVGA Display | 0.3MP Rear Camera | 1800 mAh Li-Ion Battery | MTK6261 M Processor | ,https://rukminim1.flixcart.com/image/832/832/mobile/6/r/k/lava-kkt-star-2-original-imaemqk6ch3addpx.jpeg?q=70
125,1+1=2 D7 Combo Of Two Mobile  (Black_ Orange),1_119,32 MB RAM | 64 MB ROM | Expandable Upto 32 GB | 1.8 inch Display | 0.3MP Rear Camera | 1200 mAh Battery | ,https://rukminim1.flixcart.com/image/832/832/jc0ttow0-1/mobile/j/4/c/1-1-2-d7-combo-of-two-mobile-d7-original-imaff8zx89kthhgu.jpeg?q=70
126,VIVO Y55L (Gold_ 16 GB)  (2 GB RAM),10_200,2 GB RAM | 16 GB ROM | Expandable Upto 128 GB | 5.2 inch HD Display | 8MP Rear Camera | 5MP Front Camera | 2650 mAh Battery | Qualcomm Snapdragon 430 Octa Core 1.4GHz Processor | ,https://rukminim1.flixcart.com/image/832/832/mobile/x/m/d/vivo-y55l-y55l-original-imaendvxyhyxz4w8.jpeg?q=70
127,Whitecherry Spinner  (Gold),899,32 MB RAM | 32 MB ROM | | 1.44 inch Display | 300 mAh Battery | ,https://rukminim1.flixcart.com/image/832/832/j7usl8w0/mobile/h/6/z/whitecherry-spinner-bl5000-original-imaexxyzkswqtwfy.jpeg?q=70
128,HTC Desire 816G Dual Sim (White_ 8 GB)  (1 GB RAM),12_500,1 GB RAM | 8 GB ROM | Expandable Upto 32 GB | 5.5 inch HD Display | 13MP Rear Camera | 5MP Front Camera | 2600 mAh Li-Polymer Battery | ,https://rukminim1.flixcart.com/image/832/832/mobile/7/c/6/htc-desire-816g-octa-core-original-imaeyu35fbtfjtfp.jpeg?q=70
129,Mafe Nemo  (Black & Green),749,32 MB RAM | 64 MB ROM | Expandable Upto 16 GB | 1.8 inch Quarter QVGA Display | 0.3MP Rear Camera | 1050 mAh Battery | ,https://rukminim1.flixcart.com/image/832/832/jhuvjww0/mobile/r/n/e/mafe-nemo-nemo-original-imaf5sbbdavhnnhu.jpeg?q=70
130,Vivo Y55S (Grey_ 16 GB)  (3 GB RAM),13_000,3 GB RAM | 16 GB ROM | Expandable Upto 256 GB | 5.2 inch HD Display | 13MP Rear Camera | 5MP Front Camera | 2730 mAh Li-Ion Battery | Qualcomm Snapdragon 425 64-bit Quad Core 1.4GHz Processor | ,https://rukminim1.flixcart.com/image/832/832/mobile/5/9/g/vivo-y55s-1610-original-imaes2nwjhwppuyt.jpeg?q=70
131,M-tech L30  (Silver),1_149,32 MB RAM | 32 MB ROM | Expandable Upto 16 GB | 2.4 inch QVGA Display | 0.3MP Rear Camera | 1800 mAh Battery | NA Processor | ,https://rukminim1.flixcart.com/image/832/832/je34pzk0/mobile/h/g/m/mtech-l30-l30-original-imaf2ray8nc8zrhx.jpeg?q=70
132,Comio C2 Lite (Sunrise Gold_ 16 GB)  (1.5 GB RAM),6_197,1.5 GB RAM | 16 GB ROM | Expandable Upto 128 GB | 5 inch HD Display | 8MP Rear Camera | 5MP Front Camera | 3900 mAh Battery | ,https://rukminim1.flixcart.com/image/832/832/jdyuefk0/mobile/a/v/4/comio-c2-lite-c2-lite-original-imaf2rbhhqjcawkd.jpeg?q=70
133,Jambo K404  (Black & Blue),649,64 MB RAM | 64 MB ROM | | 1.44 inch Display | 0.8MP Rear Camera | 800 mAh Battery | ,https://rukminim1.flixcart.com/image/832/832/jdlzfrk0/mobile/h/p/q/jambo-k404-k404-original-imaf2csfnzuhrkmw.jpeg?q=70
134,Trio T3 Selfie  (Blue),749,32 MB RAM | 64 MB ROM | | 1.77 inch Display | 1.3MP Rear Camera | 1000 mAh Battery | ,https://rukminim1.flixcart.com/image/832/832/jdajwy80/mobile/h/k/z/trio-t3-selfie-t3-selfie-original-imaf24yah2rykzpm.jpeg?q=70
135,Peace P2  (Green & Black),530,1.8 inch Display | 0.3MP Rear Camera | 850 mAh Battery | ,https://rukminim1.flixcart.com/image/832/832/mobile/e/5/f/peace-p2-p2-original-imaemperp3kxwcm2.jpeg?q=70
136,MTR Mt Smart  (Blue),720,64 MB RAM | 64 MB ROM | | 1.8 inch Display | 0.3MP Rear Camera | 800 mAh Battery | ,https://rukminim1.flixcart.com/image/832/832/jf1fafk0/mobile/x/t/q/mtr-mt-smart-mt-smart-original-imaf3k8stfgvyppz.jpeg?q=70
137,Sony Xperia XZ1 (Black_ 64 GB)  (4 GB RAM),44_990,4 GB RAM | 64 GB ROM | Expandable Upto 256 GB | 5.2 inch Full HD Display | 19MP Rear Camera | 13MP Front Camera | 2700 mAh Battery | Qualcomm Snapdragon 835 Processor | ,https://rukminim1.flixcart.com/image/832/832/j8osu4w0-1/mobile/5/f/a/sony-xperia-xz1-g8342-original-imaeynfgksnz5bgg.jpeg?q=70
138,Ziox Astra 4G DT (Champagne_ 8 GB)  (1 GB RAM),4_899,1 GB RAM | 8 GB ROM | Expandable Upto 32 GB | 5 inch Display | 5MP Rear Camera | 2MP Front Camera | 2450 mAh Battery | Mediatek Processor | ,https://rukminim1.flixcart.com/image/832/832/j5h264w0/mobile/n/v/n/ziox-astra-4g-dt-astra-4g-dt-original-imaevyvadqkqr36j.jpeg?q=70
139,Snexian M6088  (Gold),969,32 MB RAM | 64 MB ROM | Expandable Upto 32 GB | 2.4 inch Display | 0.3MP Rear Camera | 3000 mAh Battery | ,https://rukminim1.flixcart.com/image/832/832/jjhglu80/mobile/v/b/8/snexian-m6088-m6088-original-imaf7fhdzb6mjw6a.jpeg?q=70
140,Samsung Galaxy S5 (Electric Blue_ 16 GB)  (2 GB RAM),21_999,2 GB RAM | 16 GB ROM | Expandable Upto 128 GB | 5.1 inch Full HD Display | 16MP Rear Camera | 2MP Front Camera | 2800 mAh Li-Ion Battery | Exynos 5422 Processor | ,https://rukminim1.flixcart.com/image/832/832/mobile/p/d/9/samsung-galaxy-s5-sm-g900h-original-imae2z89a9hphk9g.jpeg?q=70
141,Intex Aqua Note 5.5 (Champagne Gold_ 16 GB)  (2 GB RAM),5_799,2 GB RAM | 16 GB ROM | | 5.5 inch Display | 8MP Rear Camera | 2800 mAh Battery | ,https://rukminim1.flixcart.com/image/832/832/jcz4e4w0/mobile/g/a/z/intex-aqua-note-5-5-aqua-note-5-5-original-imaffw9vkqs5fdzz.jpeg?q=70
142,Inovu A1i Combo of Two Mobiles  (Blue),1_470,32 MB RAM | 32 MB ROM | Expandable Upto 32 GB | 1.77 inch Quarter QVGA Display | 0.08MP Rear Camera | 800 mAh Battery | ,https://rukminim1.flixcart.com/image/832/832/jirqoi80/mobile/c/m/w/inovu-a1i-combo-of-two-mobiles-a1i-original-imaf6efhnwb6xbvd.jpeg?q=70
143,Yuho H2 Pro (Sandstone Black Gold_ 32 GB)  (3 GB RAM),9_499,3 GB RAM | 32 GB ROM | Expandable Upto 32 GB | 5.5 inch Display | 13MP + 13MP Dual Rear Camera | 3150 mAh Battery | MT6737 64-bit Cortex A53 Processor | ,https://rukminim1.flixcart.com/image/832/832/jiovssw0/mobile/r/s/e/yuho-h2-pro-na-original-imaf6fgjb3jssydv.jpeg?q=70
144,Mafe UNO  (Black),699,Expandable Upto 16 GB | 1.8 inch QVGA Display | 1.8MP Rear Camera | 1050 mAh Battery | ,https://rukminim1.flixcart.com/image/832/832/j687jbk0/mobile/6/2/8/mafe-uno-uno-original-imaewzgfbmdzvm4w.jpeg?q=70
145,Itel IT2180  (Blue),1_100,32 MB RAM | 32 MB ROM | | 1.8 inch Display | 1.3MP Rear Camera | 1000 mAh Battery | ,https://rukminim1.flixcart.com/image/832/832/mobile/h/h/g/itel-it2180-it2180-original-imaemb8t9embrcy3.jpeg?q=70
146,Nokia 3 (Copper White_ 16 GB)  (2 GB RAM),8_645,2 GB RAM | 16 GB ROM | Expandable Upto 128 | 5 inch HD Display | 8MP Rear Camera | 8MP Front Camera | 2630 mAh Battery | MTK 6737 Processor | ,https://rukminim1.flixcart.com/image/832/832/j9338nk0/mobile/w/6/3/nokia-3-na-original-imaevt8vkcvjysjr.jpeg?q=70
147,Samsung Galaxy S9 Plus (Lilac Purple_ 64 GB)  (6 GB RAM),64_900,6 GB RAM | 64 GB ROM | Expandable Upto 400 GB | 6.2 inch Quad HD+ Display | 12MP + 12MP Dual Rear Camera | 8MP Front Camera | 3500 mAh Battery | Exynos 9810 Processor | ,https://rukminim1.flixcart.com/image/832/832/jeiukcw0/mobile/e/r/h/samsung-galaxy-s9-plus-sm-g965fzpdins-original-imaf372gapkjg5tp.jpeg?q=70
148,Ssky S100  (Grey),947,32 MB RAM | 35 MB ROM | | 2.4 inch Display | 1.3MP Rear Camera | 2800 mAh Battery | ,https://rukminim1.flixcart.com/image/832/832/jbpeavk0/mobile/d/2/r/ssky-s100-s100-original-imafyxnnfrfr8gwj.jpeg?q=70
149,Lava KKT 40 Power Plus  (Black Silver),1_759,32 MB RAM | 32 KB ROM | Expandable Upto 16 GB | 2.4 inch Display | 1.3MP Rear Camera | 3000 mAh Battery | ,https://rukminim1.flixcart.com/image/832/832/j8osu4w0-1/mobile/d/c/w/lava-kkt-40-power-plus-kkt-40-power-plus-original-imaeynccs2kpurfu.jpeg?q=70
150,Vivo V5 (Crown gold_ 32 GB)  (4 GB RAM),17_980,4 GB RAM | 32 GB ROM | Expandable Upto 128 GB | 5.5 inch HD Display | 13MP Rear Camera | 20MP Front Camera | 3000 mAh Battery | MediaTek MT6750 64-bit Octa Core 1.5GHz Processor | ,https://rukminim1.flixcart.com/image/832/832/mobile/z/q/y/vivo-v5-v5-original-imaeznchtf7nsn3r.jpeg?q=70
151,OPPO F1 Plus (Gold_ 64 GB)  (4 GB RAM),22_990,4 GB RAM | 64 GB ROM | | 5.5 inch Full HD Display | 13MP Rear Camera | 16MP Front Camera | 2850 mAh Li-Polymer Battery | Cortex-A53 (Mediatek MT6755 Helio P10) Processor | ,https://rukminim1.flixcart.com/image/832/832/mobile/b/g/c/oppo-f1-plus-x9009-original-imaepzdwrkgg26mv.jpeg?q=70
152,Ssky S100 Combo of Two Mobile  (Grey & Gold),2_227,32 MB RAM | 32 MB ROM | | 2.4 inch Display | 1.3MP Rear Camera | 2800 mAh Battery | ,https://rukminim1.flixcart.com/image/832/832/jim0x3k0/mobile/f/p/y/ssky-s100-combo-of-two-mobile-s100-original-imaf6daub4p6rngh.jpeg?q=70
153,Easyfone Udaan  (Black),2_100,32 MB RAM | 32 MB ROM | Expandable Upto 16 GB | 1.77 inch Quarter QVGA Display | 1000 mAh Battery | 0 Processor | ,https://rukminim1.flixcart.com/image/832/832/jkbguq80/mobile/r/q/q/easyfone-udaan-udaan-original-imaf7zxhzfrrsxua.jpeg?q=70
154,LG Q6 (Platinum_ 32 GB)  (3 GB RAM),11_990,3 GB RAM | 32 GB ROM | Expandable Upto 2 TB | 5.5 inch Full HD+ Display | 13MP Rear Camera | 5MP Front Camera | 3000 mAh Li-ion Battery | Qualcomm Snapdragon 435 1.4 GHz Octacore Processor | 18:9 Full Vision Display | US Military Standard - 810G Certified | 100 Degree Wide Selfie & Square Camera Mode | ,https://rukminim1.flixcart.com/image/832/832/jasj6a80/mobile/r/q/t/lg-q6-lgm700dsk-original-imafyafr5bggbyrm.jpeg?q=70
155,Celkon C9 Mega  (Black),1_215,1 MB RAM | 1 MB ROM | | 2.4 inch Display | 1.3MP Rear Camera | 1800 mAh Battery | ,https://rukminim1.flixcart.com/image/832/832/jd0jtzk0/mobile/y/s/g/celkon-c9-mega-c9-mega-original-imaffzmzzxgzf75n.jpeg?q=70
156,Gfive U220+ Pack of Three Mobiles  (Black$$Blue_ Black$$Red_ White$$Blue),1_689,32 MB RAM | 64 MB ROM | Expandable Upto 16 GB | 1.8 inch Quarter QVGA Display | 0.3MP Rear Camera | 1000 mAh Battery | ,https://rukminim1.flixcart.com/image/832/832/jevpj0w0/mobile/a/6/r/gfive-u220-pack-of-three-mobiles-u220-original-imaf3gzgrxzqdcac.jpeg?q=70
157,Blackbear B5 Chrome  (Black),894,32 MB RAM | 32 MB ROM | Expandable Upto 32 GB | 1.8 inch VGA Display | 0.3MP Rear Camera | 1000 mAh Battery | ,https://rukminim1.flixcart.com/image/832/832/jc9egsw0/mobile/z/w/f/blackbear-b5-chrome-b5-chrome-original-imafyhzrvzhkezmf.jpeg?q=70
158,BlackBear B5 Chrome  (Yellow),899,32 MB RAM | 32 MB ROM | Expandable Upto 32 GB | 1.8 inch QVGA Display | 0.08MP Rear Camera | 1000 mAh Battery | ,https://rukminim1.flixcart.com/image/832/832/j7ksia80/mobile/j/f/y/blackbear-b5-chrome-b5-chrome-original-imaexq5hfa7vf48w.jpeg?q=70
159,BlackBear B5 Chrome  (Light Blue),899,32 MB RAM | 32 MB ROM | Expandable Upto 32 GB | 1.8 inch QVGA Display | 0.08MP Rear Camera | 1000 mAh Battery | ,https://rukminim1.flixcart.com/image/832/832/j7ksia80/mobile/d/t/z/blackbear-b5-chrome-b5-chrome-original-imaexq4cbzfzbqpe.jpeg?q=70
160,Mymax M40  (Green),525,32 MB RAM | 32 MB ROM | | 1.8 inch Display | 1.3MP Rear Camera | 1000 mAh Battery | ,https://rukminim1.flixcart.com/image/832/832/jfk00i80/mobile/h/a/5/mymax-m40-combo-of-two-mobiles-m40-original-imaf2ygukzvyprh3.jpeg?q=70
161,Mymax M40  (Black & Green),530,32 MB RAM | 32 MB ROM | | 1.8 inch Display | 1.3MP Rear Camera | 1000 mAh Battery | ,https://rukminim1.flixcart.com/image/832/832/jfk00i80/mobile/s/h/g/mymax-m40-combo-of-two-mobiles-m40-original-imaf2dff9hkswxwh.jpeg?q=70
162,Celkon C26  (Red),1_400,10 KB ROM | | 2.4 inch QVGA Display | 1.3MP Rear Camera | 800 mAh Battery | ,https://rukminim1.flixcart.com/image/832/832/mobile/k/9/y/celkon-c26-c26-original-imaehg3z6g3zhfpd.jpeg?q=70
163,GLX U505 Pack of Four Mobiles  (White$$Black$$Red$$Coffee),2_299,32 MB RAM | 64 MB ROM | Expandable Upto 8 GB | 1.8 inch Quarter QVGA Display | 0.3MP Rear Camera | 950 mAh Battery | ,https://rukminim1.flixcart.com/image/832/832/jen4vww0/mobile/f/d/z/glx-u505-pack-of-four-mobiles-u505-original-imaf3a58z6w2n58f.jpeg?q=70
164,Inovu A1s Combo of Two Mobiles  (Black_ Gold & Blue_ Gold),1_499,32 MB RAM | 32 MB ROM | Expandable Upto 32 GB | 1.77 inch VGA Display | 0.08MP Rear Camera | 800 mAh Battery | ,https://rukminim1.flixcart.com/image/832/832/jh55mkw0/mobile/g/f/g/inovu-a1s-combo-of-two-mobiles-a1s-original-imaf54quaj5vaxky.jpeg?q=70
165,Gionee Marathon M5 Plus (Champagne Gold_ 64 GB)  (3 GB RAM),26_999,3 GB RAM | 64 GB ROM | Expandable Upto 128 GB | 6 inch Full HD Display | 13MP Rear Camera | 5MP Front Camera | 5020 mAh Li-Ion Polymer Battery | Mediatek MT6753 Octa Core 1.3GHz Processor | ,https://rukminim1.flixcart.com/image/832/832/mobile/7/e/s/gionee-marathon-m5-plus-na-original-imaegf6c9wgd93yu.jpeg?q=70
166,Panasonic Eluga I3 Mega (Gold_ 16 GB)  (3 GB RAM),11_990,3 GB RAM | 16 GB ROM | Expandable Upto 128 GB | 5.5 inch HD Display | 13MP Rear Camera | 5MP Front Camera | 4000 mAh Li-ion Polymer Battery | MTK6735 Processor | ,https://rukminim1.flixcart.com/image/832/832/j6l2hzk0/mobile/g/e/a/panasonic-eluga-i3-mega-eb-90s55eymg-original-imaexynhjvgn3gen.jpeg?q=70
167,JIVI PRIME 444 (Grey_ 8 GB)  (1 GB RAM),4_499,1 GB RAM | 8 GB ROM | Expandable Upto 64 GB | 5 inch HD Display | 8MP Rear Camera | 5MP Front Camera | 2400 mAh Battery | SC9832 Processor | ,https://rukminim1.flixcart.com/image/832/832/j9hdn680/mobile/7/a/d/jivi-prime-444-prime-444-original-imaez42xexhbyfnc.jpeg?q=70
168,Reach Champ FM  (Black),689,32 MB RAM | 32 MB ROM | | 1.8 inch Quarter QVGA Display | 0.3MP Rear Camera | 1500 mAh Battery | ,https://rukminim1.flixcart.com/image/832/832/j3vwk280/mobile/t/p/y/reach-champ-fm-champ-fm-original-imaeusp7x4f8yc6n.jpeg?q=70
169,Inovu A1i  (Yellow),847,32 MB RAM | 32 MB ROM | | 1.77 inch Display | 0.08MP Rear Camera | 800 mAh Battery | ,https://rukminim1.flixcart.com/image/832/832/je5zlow0/mobile/s/w/j/inovu-a1i-a1i-original-imaf2vy2ha4yhtkp.jpeg?q=70
170,Zen Atom 103  (Blue),839,32 MB RAM | 32 MB ROM | | 1.8 inch Display | 1.3MP Rear Camera | 800 mAh Battery | ,https://rukminim1.flixcart.com/image/832/832/jc0ttow0-1/mobile/r/p/6/zen-atom-103-atom-103-original-imaff9ydfbjnwxxy.jpeg?q=70
171,Google Pixel 2 (Clearly White_ 64 GB)  (4 GB RAM),47_999,4 GB RAM | 64 GB ROM | | 5.0 inch Full HD Display | 12.2MP Rear Camera | 8MP Front Camera | 2700 mAh Battery | Qualcomm Snapdragon 835 64-bit Octa Core Processor | Android Oreo 8.0.1 | Stock Android Version | Free Unlimited Storage in Google Photos | Water Resistant | ,https://rukminim1.flixcart.com/image/832/832/j8esr680/mobile/n/d/5/google-pixel-2-na-original-imaeyfsw6zzzaakt.jpeg?q=70
172,UI Phones Selfie 2  (Black & Blue),899,32 MB RAM | 32 MB ROM | | 2.4 inch Display | 0.3MP Rear Camera | 1800 mAh Battery | ,https://rukminim1.flixcart.com/image/832/832/j1nvwcw0/mobile/s/u/g/ui-phones-selfie-2-2411s-original-imaesy6kc3ybkrky.jpeg?q=70
173,Kechaoda K-9  (WhiteIIBlackIIRed),1_099,64 MB RAM | 64 MB ROM | | 2.2 inch Display | 0.3MP Rear Camera | 2000 mAh Battery | ,https://rukminim1.flixcart.com/image/832/832/j83d8cw0/mobile/z/v/c/kechaoda-k9-jl201130396850-5-original-imaey4s7mhydr3pf.jpeg?q=70
174,Lava Z10 (Gold_ 16 GB)  (3 GB RAM),12_000,3 GB RAM | 16 GB ROM | Expandable Upto 128 GB | 5 inch HD Display | 8MP Rear Camera | 5MP Front Camera | 2620 mAh Battery | 64-bit Processor | ,https://rukminim1.flixcart.com/image/832/832/j47c2vk0/mobile/2/z/t/lava-z10-na-original-imaev5wkg4rgdzev.jpeg?q=70
175,Zen Z10 Sleek  (Black & Green),1_540,32 MB RAM | 32 MB ROM | | 2.4 inch Display | 1.3MP Rear Camera | 1000 mAh Battery | ,https://rukminim1.flixcart.com/image/832/832/mobile/x/r/a/zen-z10-sleek-z10-sleek-original-imaepy3gzkstxv5u.jpeg?q=70
176,Karbonn K95 Star  (Red & Black),1_450,1 MB RAM | 1 MB ROM | | 2.4 inch Display | 0.3MP Rear Camera | 2200 mAh Battery | ,https://rukminim1.flixcart.com/image/832/832/mobile/g/3/m/karbonn-k95-star-k95-star-original-imaen3cgz4wc4nb4.jpeg?q=70
177,Adcom A-J2  (Black & Blue),689,32 MB RAM | 32 MB ROM | Expandable Upto 8 GB | 1.8 inch QVGA Display | 0.3MP Rear Camera | 1500 mAh Battery | ,https://rukminim1.flixcart.com/image/832/832/jdt4n0w0/mobile/k/c/3/adcom-a-j2-a-j2-original-imaf2kgzjcpzxuvz.jpeg?q=70
178,Yuho Y2 Pro (Champagne Gold White_ 16 GB)  (2 GB RAM),8_299,2 GB RAM | 16 GB ROM | Expandable Upto 32 GB | 5.5 inch Display | 8MP + 8MP Dual Rear Camera | 2750 mAh Battery | MT6737 64-bit Cortex A53 Processor | ,https://rukminim1.flixcart.com/image/832/832/jiovssw0/mobile/f/b/j/yuho-y2-pro-na-original-imaf6fgj2gs5fbq2.jpeg?q=70
179,Yuho Y2 Pro (Charcoal Black_ 16 GB)  (2 GB RAM),7_499,2 GB RAM | 16 GB ROM | Expandable Upto 32 GB | 5.5 inch Display | 8MP + 8MP Dual Rear Camera | 2750 mAh Battery | MT6737 64-bit Cortex A53 Processor | ,https://rukminim1.flixcart.com/image/832/832/jiovssw0/mobile/s/y/f/yuho-y2-pro-na-original-imaf6fgjexyzzn79.jpeg?q=70
180,Zen M90  (Black & Red),1_270,32 MB RAM | 32 MB ROM | | 2.4 inch QVGA Display | 1.3MP Rear Camera | 1800 mAh Battery | ,https://rukminim1.flixcart.com/image/832/832/jic0u4w0/mobile/w/9/p/zen-m90-m90-original-imaf65fzvrx5c3gp.jpeg?q=70
181,M-tech L66  (Black & Red),849,32 MB RAM | 32 MB ROM | Expandable Upto 16 GB | 1.8 inch Quarter QVGA Display | 0.3MP Rear Camera | 1800 mAh Battery | ,https://rukminim1.flixcart.com/image/832/832/j9pyaa80/mobile/x/w/c/mtech-l66-l66-original-imaez3yvh7sarsbf.jpeg?q=70
182,Nokia 8 (Steel_ 64 GB)  (4 GB RAM),28_499,4 GB RAM | 64 GB ROM | Expandable Upto 256 GB | 5.3 inch Display | 13MP + 13MP Dual Rear Camera | 13MP Front Camera | 3090 mAh Li-ion Battery | ,https://rukminim1.flixcart.com/image/832/832/ja73ki80/mobile/n/x/z/nokia-8-na-original-imaezn95gswbgacf.jpeg?q=70
183,Peace FM-10  (White),580,64 MB RAM | 32 MB ROM | | 1.8 inch Display | 0.3MP Rear Camera | 850 mAh Battery | ,https://rukminim1.flixcart.com/image/832/832/j727s7k0/mobile/d/j/a/peace-fm-10-fm-10-original-imaexys5nyw67ymy.jpeg?q=70
184,MU M1000  (Gold),1_100,32 MB RAM | 32 MB ROM | | 2.4 inch Display | 1.3MP Rear Camera | 2400 mAh Battery | ,https://rukminim1.flixcart.com/image/832/832/j84so7k0/mobile/e/a/z/mu-m1000-m1000-original-imaeyfxzygzmzzj9.jpeg?q=70
185,Ssky N230  (Black & Gold),1_318,32 MB RAM | 256 MB ROM | | 2.4 inch Display | 2MP Rear Camera | 3000 mAh Battery | ,https://rukminim1.flixcart.com/image/832/832/jl5h3m80/mobile/v/t/p/ssky-n230-n230-original-imaf6h4webfp8hzp.jpeg?q=70
186,1+1=2 D7  (Yellow),569,32 MB RAM | 64 MB ROM | Expandable Upto 32 GB | 1.8 inch Quarter QVGA Display | 0.3MP Rear Camera | 1200 mAh Battery | ,https://rukminim1.flixcart.com/image/832/832/jc0ttow0-1/mobile/7/c/a/1-1-2-d7-combo-of-two-mobile-d7-original-imaffyy5efjrzzzg.jpeg?q=70
187,Peace Super Slim  (Red & Black),888,32 MB RAM | 32 MB ROM | Expandable Upto 8 GB | 2.4 inch Display | 0.3MP Rear Camera | 1400 mAh Battery | ,https://rukminim1.flixcart.com/image/832/832/j8kiikw0-1/mobile/f/x/h/peace-super-slim-t1-original-imaeyj4stt7xbcyv.jpeg?q=70
188,Kechaoda A8  (Black),1_050,32 MB RAM | 64 MB ROM | Expandable Upto 16 GB | 2.8 inch QVGA Display | 0.3MP Rear Camera | 1000 mAh Battery | ,https://rukminim1.flixcart.com/image/832/832/jf751u80/mobile/e/v/r/kechaoda-a8-a8-original-imaf3pk4dg2jvxgk.jpeg?q=70
189,Winstar D555+  (Red),769,32 MB RAM | 32 MB ROM | | 2.4 inch VGA Display | 0.3MP Rear Camera | 1800 mAh Battery | ,https://rukminim1.flixcart.com/image/832/832/jddesnk0/mobile/v/7/t/winstar-d555-d555-original-imaf29dswnzknwz8.jpeg?q=70
190,Lava Prime X  (Blue & Sliver),1_549,32 MB RAM | 32 MB ROM | Expandable Upto 32 GB | 1.8 inch Quarter QVGA Display | 1.3MP Rear Camera | 800 mAh Battery | ,https://rukminim1.flixcart.com/image/832/832/jcp4b680/mobile/f/g/w/lava-prime-x-prime-x-original-imaffrt2bhznjmqc.jpeg?q=70
191,Micromax X1i-2017  (Black),1_299,32 MB ROM | Expandable Upto 8 GB | 2.4 inch QVGA Display | 0.8MP Rear Camera | 1300 mAh Battery | ,https://rukminim1.flixcart.com/image/832/832/j3bwe4w0/mobile/f/q/y/micromax-x1i-2017-na-original-imaeuhf3ckkty2pf.jpeg?q=70
192,JIVI Prime P30 (Grey_ 8 GB)  (1 GB RAM),3_999,1 GB RAM | 8 GB ROM | Expandable Upto 64 GB | 5 inch FWVGA Display | 8MP Rear Camera | 5MP Front Camera | 2300 mAh Battery | ,https://rukminim1.flixcart.com/image/832/832/jfh54sw0/mobile/c/n/h/jivi-prime-p30-prime-p30-original-imaf3ubwthdjy4um.jpeg?q=70
193,I Kall K35 Combo Of Two Mobile  (Dark Blue_ Red),1_349,32 MB RAM | 64 MB ROM | Expandable Upto 8 GB | 2.4 inch Display | 0.3MP Rear Camera | 1800 mAh Battery | ,https://rukminim1.flixcart.com/image/832/832/j7rxpjk0/mobile/t/k/6/i-kall-k35-combo-of-two-mobile-k35-original-imaextdzefkafrje.jpeg?q=70
194,MU M6  (Black),868,32 MB RAM | 32 MB ROM | | 2.4 inch Display | 1.3MP Rear Camera | 1800 mAh Battery | ,https://rukminim1.flixcart.com/image/832/832/j84so7k0/mobile/z/w/h/mu-m6-m6-original-imaeyfxzfzvhhhjd.jpeg?q=70
195,Peace P4  (Yellow & Black),560,64 MB RAM | 256 MB ROM | | 1.8 inch Display | 0.3MP Rear Camera | 850 mAh Battery | ,https://rukminim1.flixcart.com/image/832/832/j66s3gw0/mobile/s/v/s/peace-p4-p4-original-imaewk9n8sprchzs.jpeg?q=70
196,JIVI JV X57  (White & Gold),770,10 MB RAM | 32 MB ROM | Expandable Upto 8 GB | 2 inch QVGA Display | 0.3MP Rear Camera | 1000 mAh Li-Ion Battery | Corext A11 Processor | ,https://rukminim1.flixcart.com/image/832/832/mobile/c/g/4/jivi-jv-x57-original-imae3rdhqtgfwzmn.jpeg?q=70
197,MTR MT310  (Black),599,64 MB RAM | 64 MB ROM | | 1.8 inch Display | 0.3MP Rear Camera | 800 mAh Battery | ,https://rukminim1.flixcart.com/image/832/832/jfk00i80/mobile/f/n/x/mtr-mt310-mt310-original-imaf3xfzcyfyfmqp.jpeg?q=70
198,Samsung Galaxy On6 (Blue_ 64 GB)  (4 GB RAM),13_490,4 GB RAM | 64 GB ROM | Expandable Upto 256 GB | 5.6 inch HD+ Display | 13MP Rear Camera | 8MP Front Camera | 3000 mAh Battery | 1.6 GHz Exynos Octa Core Processor | ,https://rukminim1.flixcart.com/image/832/832/jit64cw0-1/mobile/k/y/9/samsung-galaxy-on6-sm-j600gf-original-imaf6j6py3cnep8f.jpeg?q=70
199,Callbar A35S  (Blue),549,0 MB ROM | | 1.8 inch Display | 0.3MP Rear Camera | 800 mAh Battery | ,https://rukminim1.flixcart.com/image/832/832/jiulk7k0/mobile/c/4/v/callbar-a35s-a35s-original-imaf6gqruyv3tgjh.jpeg?q=70
200,Hicell C1 Nova  (Black & Dark Grey),540,32 MB RAM | 64 MB ROM | Expandable Upto 32 GB | 1.8 inch Quarter QVGA Display | 1050 mAh Battery | ,https://rukminim1.flixcart.com/image/832/832/jhkvgy80/mobile/d/e/k/hicell-c1-nova-c1-nova-original-imaf5kj7py9zej6z.jpeg?q=70
201,MTR Mt310  (White & Yellow),599,64 MB RAM | 64 MB ROM | | 1.77 inch Display | 0.3MP Rear Camera | 800 mAh Battery | ,https://rukminim1.flixcart.com/image/832/832/jdeu8i80/mobile/d/2/9/mtr-mt310-mt310-original-imaf2azhn82rzzz2.jpeg?q=70
